name,month_year,amount
MiPasajefy,2019-01,245874.91
MiPasajefy,2019-02,21312602606.48
MiPasajefy,2019-03,2.1312312312315318e+18
MiPasajefy,2019-04,2.9999999999999997e+34
MiPasajefy,2019-05,2.1321323123321456e+16
Muebles chidos,2019-01,139102.1
Muebles chidos,2019-02,270866.3
Muebles chidos,2019-03,321826.6
Muebles chidos,2019-04,219730.2
Muebles chidos,2019-05,62914.2
